
SET SQL_MODE="NO_AUTO_VALUE_ON_ZERO";

--
-- Table structure for table `elo_attachment`
--

CREATE TABLE `elo_attachment` (
  `attachment_id` int(8) unsigned NOT NULL AUTO_INCREMENT,
  `attachment_filename` varchar(50) NOT NULL,
  `user_id` int(8) unsigned NOT NULL,
  PRIMARY KEY (`attachment_id`)
) ENGINE=InnoDB  DEFAULT CHARSET=utf8 ;



-- --------------------------------------------------------

--
-- Table structure for table `elo_config`
--

CREATE TABLE `elo_config` (
  `config_id` int(8) unsigned NOT NULL AUTO_INCREMENT,
  `config_name` varchar(40) NOT NULL,
  `config_value` text NOT NULL,
  PRIMARY KEY (`config_id`)
) ENGINE=InnoDB  DEFAULT CHARSET=utf8 AUTO_INCREMENT=22 ;

--
-- Dumping data for table `elo_config`
--

INSERT INTO `elo_config` (`config_id`, `config_name`, `config_value`) VALUES
(1, 'abc2ps', '/kunden/planetblacknwhite.de/software/abcm2ps/abcm2ps'),
(2, 'abc2midi', '/kunden/planetblacknwhite.de/software/abcmidi/abc2midi'),
(3, 'ps2pdf', '/usr/bin/ps2pdf'),
(4, 'abc2abc', '/kunden/planetblacknwhite.de/software/abcmidi/abc2abc'),
(5, 'convert', '/usr/bin/convert'),
(6, 'params4img', '-s 1 -w 600'),
(7, 'file_folder', 'files/'),
(8, 'params4ps', ''),
(9, 'date_format', 'd.m.Y, H:i'),
(10, 'params4png', '-density 150 -geometry 100%'),
(12, 'from_email', 'elo@christoph-pimpl.de'),
(13, 'from_name', 'Christoph Pimpl'),
(14, 'smtp_server', 'smtp.christoph-pimpl.de'),
(15, 'smtp_port', '25'),
(16, 'smtp_username', 'elo@christoph-pimpl.de'),
(17, 'smtp_password', 'rghqJ5S<jswe'),
(18, 'max_edit_time', '3600'),
(19, 'url', 'http://elo.christoph-pimpl.de/'),
(21, 'max_filesize', '2048');

-- --------------------------------------------------------

--
-- Table structure for table `elo_cron`
--

CREATE TABLE `elo_cron` (
  `cron_id` int(8) unsigned NOT NULL AUTO_INCREMENT,
  `cron_time` int(13) unsigned NOT NULL,
  PRIMARY KEY (`cron_id`)
) ENGINE=InnoDB  DEFAULT CHARSET=utf8 AUTO_INCREMENT=2083 ;

--
-- Dumping data for table `elo_cron`
--

INSERT INTO `elo_cron` (`cron_id`, `cron_time`) VALUES
(1, 1373540638),
(2, 1379516741),
(3, 1379554206),
(4, 1379640606),
(5, 1379727007),
(6, 1379813408),
(7, 1379899806),
(8, 1379986204),
(9, 1380072609),
(10, 1380159006),
(11, 1380245407),
(12, 1380331811),
(13, 1380418206),
(14, 1380504608),
(15, 1380591005),
(16, 1380677407),
(17, 1380763806),
(18, 1380850205),
(19, 1380936606),
(20, 1381023006),
(21, 1381109407),
(22, 1381195805),
(23, 1381282208),
(24, 1381368611),
(25, 1381455004),
(26, 1381541409),
(27, 1381627806),
(28, 1381714206),
(29, 1381800604),
(30, 1381887007),
(31, 1381973406),
(32, 1382059803),
(33, 1382146210),
(34, 1382232606),
(35, 1382319010),
(36, 1382405406),
(37, 1382491806),
(38, 1382578207),
(39, 1382664604),
(40, 1382751008),
(41, 1382841003),
(42, 1382927409),
(43, 1383013803),
(44, 1383100207),
(45, 1383186606),
(46, 1383273005),
(47, 1383359407),
(48, 1383445805),
(49, 1383532206),
(50, 1383618605),
(51, 1383705008),
(52, 1383791406),
(53, 1383877804),
(54, 1383964207),
(55, 1384050607),
(56, 1384137007),
(57, 1384223407),
(58, 1384309805),
(59, 1384396207),
(60, 1384482605),
(61, 1384569005),
(62, 1384655405),
(63, 1384741808),
(64, 1384828204),
(65, 1384914610),
(66, 1385001006),
(67, 1385087405),
(68, 1385173806),
(69, 1385260206),
(70, 1385346609),
(71, 1385433005),
(72, 1385519407),
(73, 1385605809),
(74, 1385692206),
(75, 1385778607),
(76, 1385865008),
(77, 1385951405),
(78, 1386037804),
(79, 1386124206),
(80, 1386210607),
(81, 1386297005),
(82, 1386383406),
(83, 1386469808),
(84, 1386556206),
(85, 1386642605),
(86, 1386729006),
(87, 1386815404),
(88, 1386901804),
(89, 1386988208),
(90, 1387074606),
(91, 1387161007),
(92, 1387247404),
(93, 1387333810),
(94, 1387420205),
(95, 1387506604),
(96, 1387593005),
(97, 1387679405),
(98, 1387765806),
(99, 1387852204),
(100, 1387938608),
(101, 1388025006),
(102, 1388111403),
(103, 1388197808),
(104, 1388284209),
(105, 1388370608),
(106, 1388457004),
(107, 1388543408),
(108, 1388629808),
(109, 1388716205),
(110, 1388802610),
(111, 1388889008),
(112, 1388975407),
(113, 1389061804),
(114, 1389148209),
(115, 1389234609),
(116, 1389321004),
(117, 1389407408),
(118, 1389493807),
(119, 1389580207),
(120, 1389666605),
(121, 1389753006),
(122, 1389839408),
(123, 1389925805),
(124, 1390012207),
(125, 1390098609),
(126, 1390185007),
(127, 1390271404),
(128, 1390357805),
(129, 1390444205),
(130, 1390530604),
(131, 1390617006),
(132, 1390703408),
(133, 1390789808),
(134, 1390876204),
(135, 1390962606),
(136, 1391049008),
(137, 1391135404),
(138, 1391221810),
(139, 1391308205),
(140, 1391394607),
(141, 1391481004),
(142, 1391567406),
(143, 1391653812),
(144, 1391740203),
(145, 1391826606),
(146, 1391913006),
(147, 1391999407),
(148, 1392085805),
(149, 1392172206),
(150, 1392258605),
(151, 1392345006),
(152, 1392431406),
(153, 1392517804),
(154, 1392604208),
(155, 1392690604),
(156, 1392777007),
(157, 1392863406),
(158, 1392949804),
(159, 1393036208),
(160, 1393122606),
(161, 1393209006),
(162, 1393295405),
(163, 1393381804),
(164, 1393468207),
(165, 1393554605),
(166, 1393641005),
(167, 1393727405),
(168, 1393813807),
(169, 1393900204),
(170, 1393986605),
(171, 1394073008),
(172, 1394159405),
(173, 1394245808),
(174, 1394332205),
(175, 1394418606),
(176, 1394505004),
(177, 1394591408),
(178, 1394677807),
(179, 1394764205),
(180, 1394850606),
(181, 1394937005),
(182, 1395023407),
(183, 1395109805),
(184, 1395196210),
(185, 1395282606),
(186, 1395369003),
(187, 1395455408),
(188, 1395541807),
(189, 1395628204),
(190, 1395714606),
(191, 1395801009),
(192, 1395887405),
(193, 1395973807),
(194, 1396060209),
(195, 1396143004),
(196, 1396229408),
(197, 1396315804),
(198, 1396402205),
(199, 1396488606),
(200, 1396575004),
(201, 1396661411),
(202, 1396747806),
(203, 1396834206),
(204, 1396920604),
(205, 1397007006),
(206, 1397093408),
(207, 1397179809),
(208, 1397266206),
(209, 1397352609),
(210, 1397439004),
(211, 1397525404),
(212, 1397611808),
(213, 1397698207),
(214, 1397784606),
(215, 1397871006),
(216, 1397957404),
(217, 1398043805),
(218, 1398130204),
(219, 1398216604),
(220, 1398303004),
(221, 1398389405),
(222, 1398475805),
(223, 1398562206),
(224, 1398648606),
(225, 1398735006),
(226, 1398821404),
(227, 1398907806),
(228, 1398994204),
(229, 1399080606),
(230, 1399167006),
(231, 1399253406),
(232, 1399339803),
(233, 1399426205),
(234, 1399512607),
(235, 1399599005),
(236, 1399685407),
(237, 1399771805),
(238, 1399858205),
(239, 1399944603),
(240, 1400031004),
(241, 1400117407),
(242, 1400203804),
(243, 1400290208),
(244, 1400376606),
(245, 1400463007),
(246, 1400549406),
(247, 1400635809),
(248, 1400722207),
(249, 1400808606),
(250, 1400895007),
(251, 1400981403),
(252, 1401067805),
(253, 1401154205),
(254, 1401240613),
(255, 1401327008),
(256, 1401413404),
(257, 1401499806),
(258, 1401586206),
(259, 1401672607),
(260, 1401759005),
(261, 1401845405),
(262, 1401931805),
(263, 1402018207),
(264, 1402104607),
(265, 1402191004),
(266, 1402277407),
(267, 1402363804),
(268, 1402450209),
(269, 1402536606),
(270, 1402623005),
(271, 1402709406),
(272, 1402795806),
(273, 1402882204),
(274, 1402968604),
(275, 1403055005),
(276, 1403141408),
(277, 1403227803),
(278, 1403314203),
(279, 1403400605),
(280, 1403487005),
(281, 1403573404),
(282, 1403659803),
(283, 1403746206),
(284, 1403832606),
(285, 1403919005),
(286, 1404005406),
(287, 1404091805),
(288, 1404178203),
(289, 1404264605),
(290, 1404351005),
(291, 1404437404),
(292, 1404523803),
(293, 1404610206),
(294, 1404696603),
(295, 1404783004),
(296, 1404869404),
(297, 1404955805),
(298, 1405042205),
(299, 1405128603),
(300, 1405215004),
(301, 1405301405),
(302, 1405387804),
(303, 1405474206),
(304, 1405560603),
(305, 1405647003),
(306, 1405733408),
(307, 1405819805),
(308, 1405906203),
(309, 1405992604),
(310, 1406079004),
(311, 1406165405),
(312, 1406251804),
(313, 1406338205),
(314, 1406424603),
(315, 1406511004),
(316, 1406597404),
(317, 1406683804),
(318, 1406770207),
(319, 1406856607),
(320, 1406943004),
(321, 1407029403),
(322, 1407115804),
(323, 1407202203),
(324, 1407288604),
(325, 1407375005),
(326, 1407461406),
(327, 1407547805),
(328, 1407634203),
(329, 1407720604),
(330, 1407807006),
(331, 1407893404),
(332, 1407979803),
(333, 1408066203),
(334, 1408152604),
(335, 1408239004),
(336, 1408325402),
(337, 1408411803),
(338, 1408498203),
(339, 1408584604),
(340, 1408671005),
(341, 1408757404),
(342, 1408843805),
(343, 1408930203),
(344, 1409016604),
(345, 1409103004),
(346, 1409189405),
(347, 1409275804),
(348, 1409362205),
(349, 1409448604),
(350, 1409535004),
(351, 1409621405),
(352, 1409707804),
(353, 1409794207),
(354, 1409880606),
(355, 1409967004),
(356, 1410053403),
(357, 1410139803),
(358, 1410226204),
(359, 1410312604),
(360, 1410399005),
(361, 1410485404),
(362, 1410571806),
(363, 1410658203),
(364, 1410744603),
(365, 1410831004),
(366, 1410917405),
(367, 1411003803),
(368, 1411090205),
(369, 1411176605),
(370, 1411263003),
(371, 1411349403),
(372, 1411435804),
(373, 1411522206),
(374, 1411608604),
(375, 1411695004),
(376, 1411781405),
(377, 1411867804),
(378, 1411954205),
(379, 1412040606),
(380, 1412127003),
(381, 1412213406),
(382, 1412299805),
(383, 1412386204),
(384, 1412472604),
(385, 1412559004),
(386, 1412645405),
(387, 1412731803),
(388, 1412818208),
(389, 1412904603),
(390, 1412991004),
(391, 1413077404),
(392, 1413163803),
(393, 1413250203),
(394, 1413336605),
(395, 1413423004),
(396, 1413509403),
(397, 1413595804),
(398, 1413682205),
(399, 1413768604),
(400, 1413855004),
(401, 1413941404),
(402, 1414027804),
(403, 1414114204),
(404, 1414290602),
(405, 1414377004),
(406, 1414463403),
(407, 1414549804),
(408, 1414636205),
(409, 1414722603),
(410, 1414809005),
(411, 1414895404),
(412, 1414981806),
(413, 1415068204),
(414, 1415154604),
(415, 1415241005),
(416, 1415327406),
(417, 1415413806),
(418, 1415500204),
(419, 1415586604),
(420, 1415673007),
(421, 1415759403),
(422, 1415845804),
(423, 1415932205),
(424, 1416018606),
(425, 1416105004),
(426, 1416191405),
(427, 1416277803),
(428, 1416364203),
(429, 1416450603),
(430, 1416537006),
(431, 1416623404),
(432, 1416709803),
(433, 1416796205),
(434, 1416882606),
(435, 1416969004),
(436, 1417055404),
(437, 1417141805),
(438, 1417228204),
(439, 1417314604),
(440, 1417401004),
(441, 1417487405),
(442, 1417573804),
(443, 1417660203),
(444, 1417746604),
(445, 1417833003),
(446, 1417919404),
(447, 1418005804),
(448, 1418092203),
(449, 1418178603),
(450, 1418265005),
(451, 1418351403),
(452, 1418437804),
(453, 1418524205),
(454, 1418610605),
(455, 1418697006),
(456, 1418783405),
(457, 1418869803),
(458, 1418956203),
(459, 1419042605),
(460, 1419129006),
(461, 1419215405),
(462, 1419301805),
(463, 1419388203),
(464, 1419474605),
(465, 1419561003),
(466, 1419647404),
(467, 1419733803),
(468, 1419820203),
(469, 1419906604),
(470, 1419993003),
(471, 1420079403),
(472, 1420165804),
(473, 1420252206),
(474, 1420338605),
(475, 1420425004),
(476, 1420511403),
(477, 1420597804),
(478, 1420684203),
(479, 1420770604),
(480, 1420857004),
(481, 1420943403),
(482, 1421029803),
(483, 1421116204),
(484, 1421202608),
(485, 1421289004),
(486, 1421375404),
(487, 1421461803),
(488, 1421548205),
(489, 1421634603),
(490, 1421721003),
(491, 1421807404),
(492, 1421893804),
(493, 1421980205),
(494, 1422066604),
(495, 1422153006),
(496, 1422239407),
(497, 1422325807),
(498, 1422412206),
(499, 1422498606),
(500, 1422585004),
(501, 1422671404),
(502, 1422757804),
(503, 1422844203),
(504, 1422930607),
(505, 1423017006),
(506, 1423103406),
(507, 1423189807),
(508, 1423276206),
(509, 1423362605),
(510, 1423449009),
(511, 1423535404),
(512, 1423621804),
(513, 1423708203),
(514, 1423794603),
(515, 1423881004),
(516, 1423967409),
(517, 1424053805),
(518, 1424140203),
(519, 1424226604),
(520, 1424313003),
(521, 1424399404),
(522, 1424485806),
(523, 1424572204),
(524, 1424658605),
(525, 1424745004),
(526, 1424831406),
(527, 1424917804),
(528, 1425004204),
(529, 1425090603),
(530, 1425177003),
(531, 1425263407),
(532, 1425349807),
(533, 1425436203),
(534, 1425522603),
(535, 1425609003),
(536, 1425695406),
(537, 1425781804),
(538, 1425868204),
(539, 1425954603),
(540, 1426041003),
(541, 1426127404),
(542, 1426213804),
(543, 1426300203),
(544, 1426386605),
(545, 1426473003),
(546, 1426559403),
(547, 1426645806),
(548, 1426732208),
(549, 1426905004),
(550, 1426991405),
(551, 1427077808),
(552, 1427164203),
(553, 1427250603),
(554, 1427337002),
(555, 1427423403),
(556, 1427509803),
(557, 1427592604),
(558, 1427679008),
(559, 1427765403),
(560, 1427851803),
(561, 1427938203),
(562, 1428024603),
(563, 1428111003),
(564, 1428197404),
(565, 1428283803),
(566, 1428370204),
(567, 1428456608),
(568, 1428543003),
(569, 1428629403),
(570, 1428715803),
(571, 1428802203),
(572, 1428888603),
(573, 1428975003),
(574, 1429061403),
(575, 1429147803),
(576, 1429234204),
(577, 1429320604),
(578, 1429407002),
(579, 1429493408),
(580, 1429579805),
(581, 1429666206),
(582, 1429752604),
(583, 1429839003),
(584, 1429925403),
(585, 1430011803),
(586, 1430098203),
(587, 1430184603),
(588, 1430271004),
(589, 1430357403),
(590, 1430443804),
(591, 1430530208),
(592, 1430616604),
(593, 1430703003),
(594, 1430789403),
(595, 1430875803),
(596, 1430962207),
(597, 1431048605),
(598, 1431135003),
(599, 1431221403),
(600, 1431307803),
(601, 1431394203),
(602, 1431480603),
(603, 1431567008),
(604, 1431653404),
(605, 1431739804),
(606, 1431826202),
(607, 1431912602),
(608, 1431999003),
(609, 1432085403),
(610, 1432171807),
(611, 1432258203),
(612, 1432344605),
(613, 1432431004),
(614, 1432517403),
(615, 1432603804),
(616, 1432690208),
(617, 1432776608),
(618, 1432863004),
(619, 1432949404),
(620, 1433035804),
(621, 1433122203),
(622, 1433208604),
(623, 1433295004),
(624, 1433381408),
(625, 1433467805),
(626, 1433554207),
(627, 1433640604),
(628, 1433727003),
(629, 1433813404),
(630, 1433899804),
(631, 1433986204),
(632, 1434072603),
(633, 1434159003),
(634, 1434245404),
(635, 1434331804),
(636, 1434418204),
(637, 1434504605),
(638, 1434591008),
(639, 1434677406),
(640, 1434763804),
(641, 1434850204),
(642, 1434936605),
(643, 1435023003),
(644, 1435109405),
(645, 1435195806),
(646, 1435282204),
(647, 1435368604),
(648, 1435455003),
(649, 1435541404),
(650, 1435627804),
(651, 1435714203),
(652, 1435800603),
(653, 1435887006),
(654, 1435973412),
(655, 1436059804),
(656, 1436146204),
(657, 1436232604),
(658, 1436319008),
(659, 1436405404),
(660, 1436491803),
(661, 1436578204),
(662, 1436664603),
(663, 1436751004),
(664, 1436837404),
(665, 1436923804),
(666, 1437010203),
(667, 1437096604),
(668, 1437183004),
(669, 1437269405),
(670, 1437355803),
(671, 1437442203),
(672, 1437528604),
(673, 1437615004),
(674, 1437701407),
(675, 1437787809),
(676, 1437874204),
(677, 1437960603),
(678, 1438047004),
(679, 1438133404),
(680, 1438219805),
(681, 1438306203),
(682, 1438392603),
(683, 1438479007),
(684, 1438565403),
(685, 1438651803),
(686, 1438738204),
(687, 1438824603),
(688, 1438911003),
(689, 1438997404),
(690, 1439083803),
(691, 1439170204),
(692, 1439256603),
(693, 1439343005),
(694, 1439429404),
(695, 1439515812),
(696, 1439602203),
(697, 1439688604),
(698, 1439775005),
(699, 1439861403),
(700, 1439947810),
(701, 1440034203),
(702, 1440120603),
(703, 1440207003),
(704, 1440293403),
(705, 1440379804),
(706, 1440466205),
(707, 1440552608),
(708, 1440639004),
(709, 1440725404),
(710, 1440811804),
(711, 1440898204),
(712, 1440984604),
(713, 1441071008),
(714, 1441157404),
(715, 1441243803),
(716, 1441330206),
(717, 1441416603),
(718, 1441503004),
(719, 1441589403),
(720, 1441675803),
(721, 1441762204),
(722, 1441848603),
(723, 1441935006),
(724, 1442021408),
(725, 1442107804),
(726, 1442194203),
(727, 1442280604),
(728, 1442367003),
(729, 1442453404),
(730, 1442539804),
(731, 1442712603),
(732, 1442799003),
(733, 1442885403),
(734, 1442971804),
(735, 1443058203),
(736, 1443144606),
(737, 1443231004),
(738, 1443317408),
(739, 1443403804),
(740, 1443490208),
(741, 1443576605),
(742, 1443663005),
(743, 1443749403),
(744, 1443835803),
(745, 1443922208),
(746, 1444008603),
(747, 1444095004),
(748, 1444181404),
(749, 1444267807),
(750, 1444354206),
(751, 1444440603),
(752, 1444527003),
(753, 1444613408),
(754, 1444699803),
(755, 1444786208),
(756, 1444872603),
(757, 1444959005),
(758, 1445045405),
(759, 1445131808),
(760, 1445218204),
(761, 1445304604),
(762, 1445391004),
(763, 1445477406),
(764, 1445563804),
(765, 1445650204),
(766, 1445740207),
(767, 1445826607),
(768, 1445913003),
(769, 1445999402),
(770, 1446085803),
(771, 1446172205),
(772, 1446258603),
(773, 1446345004),
(774, 1446431403),
(775, 1446517804),
(776, 1446604206),
(777, 1446690604),
(778, 1446777004),
(779, 1446863403),
(780, 1446949803),
(781, 1447036203),
(782, 1447122603),
(783, 1447209007),
(784, 1447295408),
(785, 1447381802),
(786, 1447468203),
(787, 1447554604),
(788, 1447641004),
(789, 1447727403),
(790, 1447813806),
(791, 1447900203),
(792, 1447986604),
(793, 1448073003),
(794, 1448159404),
(795, 1448245808),
(796, 1448332206),
(797, 1448418605),
(798, 1448505004),
(799, 1448591404),
(800, 1448677804),
(801, 1448764204),
(802, 1448850604),
(803, 1448937003),
(804, 1449023405),
(805, 1449109803),
(806, 1449196204),
(807, 1449282604),
(808, 1449369004),
(809, 1449455404),
(810, 1449541804),
(811, 1449628203),
(812, 1449714604),
(813, 1449801004),
(814, 1449887404),
(815, 1449973804),
(816, 1450060204),
(817, 1450146604),
(818, 1450233008),
(819, 1450319404),
(820, 1450405803),
(821, 1450492208),
(822, 1450578606),
(823, 1450665003),
(824, 1450751404),
(825, 1450837806),
(826, 1450924204),
(827, 1451010603),
(828, 1451097004),
(829, 1451183404),
(830, 1451269803),
(831, 1451356204),
(832, 1451442611),
(833, 1451529004),
(834, 1451615404),
(835, 1451701804),
(836, 1451788203),
(837, 1451874604),
(838, 1451961005),
(839, 1452047403),
(840, 1452133804),
(841, 1452220206),
(842, 1452306604),
(843, 1452393004),
(844, 1452479403),
(845, 1452565803),
(846, 1452652207),
(847, 1452738604),
(848, 1452825011),
(849, 1452911405),
(850, 1452997803),
(851, 1453084203),
(852, 1453170606),
(853, 1453257004),
(854, 1453343403),
(855, 1453429804),
(856, 1453516206),
(857, 1453602607),
(858, 1453689003),
(859, 1453775404),
(860, 1453861803),
(861, 1453948204),
(862, 1454034604),
(863, 1454121004),
(864, 1454207407),
(865, 1454293805),
(866, 1454380204),
(867, 1454466604),
(868, 1454553003),
(869, 1454639403),
(870, 1454725808),
(871, 1454812202),
(872, 1454898603),
(873, 1454985005),
(874, 1455071404),
(875, 1455157807),
(876, 1455244208),
(877, 1455330605),
(878, 1455417003),
(879, 1455503403),
(880, 1455589804),
(881, 1455676204),
(882, 1455762603),
(883, 1455849003),
(884, 1455935404),
(885, 1456021804),
(886, 1456108205),
(887, 1456194603),
(888, 1456281005),
(889, 1456367408),
(890, 1456453807),
(891, 1456540209),
(892, 1456626604),
(893, 1456713004),
(894, 1456799403),
(895, 1456885803),
(896, 1456972203),
(897, 1457058604),
(898, 1457145005),
(899, 1457231404),
(900, 1457317804),
(901, 1457404205),
(902, 1457490604),
(903, 1457577006),
(904, 1457663403),
(905, 1457749805),
(906, 1457836204),
(907, 1457922605),
(908, 1458009004),
(909, 1458095406),
(910, 1458181808),
(911, 1458268204),
(912, 1458354604),
(913, 1458441004),
(914, 1458527408),
(915, 1458613807),
(916, 1458700209),
(917, 1458786604),
(918, 1458873003),
(919, 1458959408),
(920, 1459042203),
(921, 1459128603),
(922, 1459215008),
(923, 1459301403),
(924, 1459387803),
(925, 1459474203),
(926, 1459560603),
(927, 1459647004),
(928, 1459733404),
(929, 1459819808),
(930, 1459906203),
(931, 1459992605),
(932, 1460079005),
(933, 1460165405),
(934, 1460251804),
(935, 1460338208),
(936, 1460424604),
(937, 1460511004),
(938, 1460597407),
(939, 1460683803),
(940, 1460770205),
(941, 1460856603),
(942, 1460943003),
(943, 1461029404),
(944, 1461115809),
(945, 1461202204),
(946, 1461288605),
(947, 1461375003),
(948, 1461461406),
(949, 1461547804),
(950, 1461634204),
(951, 1461720605),
(952, 1461807007),
(953, 1461893405),
(954, 1461979804),
(955, 1462066204),
(956, 1462152604),
(957, 1462239007),
(958, 1462325404),
(959, 1462411803),
(960, 1462498205),
(961, 1462584608),
(962, 1462671009),
(963, 1462757404),
(964, 1462843805),
(965, 1462930205),
(966, 1463016604),
(967, 1463103003),
(968, 1463189404),
(969, 1463275804),
(970, 1463362208),
(971, 1463448603),
(972, 1463535008),
(973, 1463621405),
(974, 1463707803),
(975, 1463794203),
(976, 1463880604),
(977, 1463967004),
(978, 1464053403),
(979, 1464139805),
(980, 1464226204),
(981, 1464312604),
(982, 1464399004),
(983, 1464485408),
(984, 1464571808),
(985, 1464658204),
(986, 1464744604),
(987, 1464831003),
(988, 1464917403),
(989, 1465003803),
(990, 1465090203),
(991, 1465176604),
(992, 1465263004),
(993, 1465349404),
(994, 1465435803),
(995, 1465522204),
(996, 1465608607),
(997, 1465695009),
(998, 1465781403),
(999, 1465867804),
(1000, 1465954208),
(1001, 1466040604),
(1002, 1466127003),
(1003, 1466213408),
(1004, 1466299804),
(1005, 1466386205),
(1006, 1466472610),
(1007, 1466559004),
(1008, 1466645404),
(1009, 1466731803),
(1010, 1466818204),
(1011, 1466904608),
(1012, 1466991005),
(1013, 1467077406),
(1014, 1467163807),
(1015, 1467250204),
(1016, 1467336608),
(1017, 1467423004),
(1018, 1467509404),
(1019, 1467595803),
(1020, 1467682208),
(1021, 1467768604),
(1022, 1467855003),
(1023, 1467941403),
(1024, 1468027803),
(1025, 1468114203),
(1026, 1468200603),
(1027, 1468287004),
(1028, 1468373404),
(1029, 1468459804),
(1030, 1468546204),
(1031, 1468632606),
(1032, 1468719003),
(1033, 1468805403),
(1034, 1468891803),
(1035, 1468978205),
(1036, 1469064604),
(1037, 1469151008),
(1038, 1469237404),
(1039, 1469323804),
(1040, 1469410204),
(1041, 1469496603),
(1042, 1469669403),
(1043, 1469755805),
(1044, 1469842203),
(1045, 1469928603),
(1046, 1470015002),
(1047, 1470101404),
(1048, 1470187802),
(1049, 1470274207),
(1050, 1470360608),
(1051, 1470447007),
(1052, 1470533407),
(1053, 1470619807),
(1054, 1470706202),
(1055, 1470792607),
(1056, 1470879007),
(1057, 1470965402),
(1058, 1471051802),
(1059, 1471138207),
(1060, 1471224607),
(1061, 1471311002),
(1062, 1471397407),
(1063, 1471483807),
(1064, 1471570202),
(1065, 1471656602),
(1066, 1471743002),
(1067, 1471829402),
(1068, 1471915803),
(1069, 1472002202),
(1070, 1472088603),
(1071, 1472175002),
(1072, 1472261407),
(1073, 1472347802),
(1074, 1472434202),
(1075, 1472520602),
(1076, 1472693403),
(1077, 1472779802),
(1078, 1472866202),
(1079, 1472952601),
(1080, 1473039002),
(1081, 1473125402),
(1082, 1473211802),
(1083, 1473298202),
(1084, 1473384601),
(1085, 1473471004),
(1086, 1473557402),
(1087, 1473643802),
(1088, 1473730202),
(1089, 1473816602),
(1090, 1473903002),
(1091, 1473989402),
(1092, 1474075804),
(1093, 1474162202),
(1094, 1474248602),
(1095, 1474335002),
(1096, 1474421402),
(1097, 1474507802),
(1098, 1474594201),
(1099, 1474680602),
(1100, 1474767001),
(1101, 1474853401),
(1102, 1474939802),
(1103, 1475026202),
(1104, 1475112602),
(1105, 1475199001),
(1106, 1475285402),
(1107, 1475371802),
(1108, 1475458202),
(1109, 1475544602),
(1110, 1475631002),
(1111, 1475717402),
(1112, 1475803803),
(1113, 1475890203),
(1114, 1475976601),
(1115, 1476063002),
(1116, 1476149403),
(1117, 1476235802),
(1118, 1476322202),
(1119, 1476408602),
(1120, 1476495002),
(1121, 1476581402),
(1122, 1476667802),
(1123, 1476754204),
(1124, 1476840602),
(1125, 1476927002),
(1126, 1477013402),
(1127, 1477099802),
(1128, 1477186202),
(1129, 1477272602),
(1130, 1477359002),
(1131, 1477445402),
(1132, 1477531802),
(1133, 1477618202),
(1134, 1477704602),
(1135, 1477794601),
(1136, 1477881002),
(1137, 1477967403),
(1138, 1478053802),
(1139, 1478140202),
(1140, 1478226604),
(1141, 1478313004),
(1142, 1478399402),
(1143, 1478485802),
(1144, 1478572202),
(1145, 1478658602),
(1146, 1478745002),
(1147, 1478831402),
(1148, 1478917802),
(1149, 1479004201),
(1150, 1479090602),
(1151, 1479177002),
(1152, 1479263402),
(1153, 1479349802),
(1154, 1479436201),
(1155, 1479522602),
(1156, 1479609002),
(1157, 1479695402),
(1158, 1479781803),
(1159, 1479868202),
(1160, 1479954604),
(1161, 1480041002),
(1162, 1480127402),
(1163, 1480213802),
(1164, 1480300202),
(1165, 1480386602),
(1166, 1480473003),
(1167, 1480559402),
(1168, 1480645802),
(1169, 1480732202),
(1170, 1480818601),
(1171, 1480905001),
(1172, 1480991403),
(1173, 1481077802),
(1174, 1481164202),
(1175, 1481250603),
(1176, 1481337002),
(1177, 1481423402),
(1178, 1481509802),
(1179, 1481596203),
(1180, 1481682604),
(1181, 1481769002),
(1182, 1481855402),
(1183, 1481941802),
(1184, 1482028202),
(1185, 1482114602),
(1186, 1482201002),
(1187, 1482287402),
(1188, 1482373802),
(1189, 1482460203),
(1190, 1482546602),
(1191, 1482633002),
(1192, 1482719402),
(1193, 1482805803),
(1194, 1482892202),
(1195, 1482978603),
(1196, 1483065002),
(1197, 1483151402),
(1198, 1483237802),
(1199, 1483324202),
(1200, 1483410602),
(1201, 1483497004),
(1202, 1483583402),
(1203, 1483669804),
(1204, 1483756203),
(1205, 1483842603),
(1206, 1483929003),
(1207, 1484015402),
(1208, 1484101803),
(1209, 1484188202),
(1210, 1484274602),
(1211, 1484361002),
(1212, 1484447401),
(1213, 1484533802),
(1214, 1484620202),
(1215, 1484706602),
(1216, 1484793002),
(1217, 1484879402),
(1218, 1484965802),
(1219, 1485052202),
(1220, 1485138602),
(1221, 1485225004),
(1222, 1485311402),
(1223, 1485397802),
(1224, 1485484203),
(1225, 1485570602),
(1226, 1485657002),
(1227, 1485743402),
(1228, 1485829802),
(1229, 1485916203),
(1230, 1486002602),
(1231, 1486089002),
(1232, 1486175402),
(1233, 1486261802),
(1234, 1486348202),
(1235, 1486434602),
(1236, 1486521002),
(1237, 1486607404),
(1238, 1486693802),
(1239, 1486780203),
(1240, 1486866602),
(1241, 1486953002),
(1242, 1487039404),
(1243, 1487125802),
(1244, 1487212202),
(1245, 1487298602),
(1246, 1487385002),
(1247, 1487471402),
(1248, 1487557802),
(1249, 1487644202),
(1250, 1487730604),
(1251, 1487817002),
(1252, 1487903402),
(1253, 1487989802),
(1254, 1488076201),
(1255, 1488162602),
(1256, 1488249002),
(1257, 1488335402),
(1258, 1488421803),
(1259, 1488508203),
(1260, 1488594602),
(1261, 1488681002),
(1262, 1488767402),
(1263, 1488853802),
(1264, 1488940202),
(1265, 1489026602),
(1266, 1489113002),
(1267, 1489199402),
(1268, 1489285802),
(1269, 1489372202),
(1270, 1489458602),
(1271, 1489545002),
(1272, 1489631403),
(1273, 1489717802),
(1274, 1489804202),
(1275, 1489890602),
(1276, 1489977002),
(1277, 1490063402),
(1278, 1490149802),
(1279, 1490236204),
(1280, 1490322602),
(1281, 1490409002),
(1282, 1490491802),
(1283, 1490578201),
(1284, 1490664602),
(1285, 1490751002),
(1286, 1490837402),
(1287, 1490923803),
(1288, 1491010202),
(1289, 1491096602),
(1290, 1491183003),
(1291, 1491269402),
(1292, 1491355802),
(1293, 1491442202),
(1294, 1491528602),
(1295, 1491615004),
(1296, 1491701402),
(1297, 1491787802),
(1298, 1491874203),
(1299, 1491960602),
(1300, 1492047003),
(1301, 1492133402),
(1302, 1492219802),
(1303, 1492306202),
(1304, 1492392602),
(1305, 1492479002),
(1306, 1492565402),
(1307, 1492651802),
(1308, 1492738203),
(1309, 1492824602),
(1310, 1492911002),
(1311, 1492997402),
(1312, 1493083802),
(1313, 1493170202),
(1314, 1493256602),
(1315, 1493343002),
(1316, 1493429402),
(1317, 1493515802),
(1318, 1493602202),
(1319, 1493688602),
(1320, 1493775002),
(1321, 1493861402),
(1322, 1493947801),
(1323, 1494034202),
(1324, 1494120602),
(1325, 1494207001),
(1326, 1494293402),
(1327, 1494379810),
(1328, 1494466202),
(1329, 1494552602),
(1330, 1494639002),
(1331, 1494725402),
(1332, 1494811802),
(1333, 1494898202),
(1334, 1494984602),
(1335, 1495071003),
(1336, 1495157402),
(1337, 1495243802),
(1338, 1495330202),
(1339, 1495416602),
(1340, 1495503003),
(1341, 1495589402),
(1342, 1495675803),
(1343, 1495762202),
(1344, 1495848603),
(1345, 1495935002),
(1346, 1496021402),
(1347, 1496107801),
(1348, 1496194202),
(1349, 1496280602),
(1350, 1496367003),
(1351, 1496453402),
(1352, 1496539802),
(1353, 1496626202),
(1354, 1496712603),
(1355, 1496799002),
(1356, 1496885402),
(1357, 1496971802),
(1358, 1497058202),
(1359, 1497144602),
(1360, 1497231002),
(1361, 1497317402),
(1362, 1497403802),
(1363, 1497490202),
(1364, 1497576602),
(1365, 1497663003),
(1366, 1497749402),
(1367, 1497835802),
(1368, 1497922203),
(1369, 1498008602),
(1370, 1498095002),
(1371, 1498181402),
(1372, 1498267802),
(1373, 1498354202),
(1374, 1498440601),
(1375, 1498527002),
(1376, 1498613403),
(1377, 1498699803),
(1378, 1498786202),
(1379, 1498872602),
(1380, 1498959003),
(1381, 1499045402),
(1382, 1499131802),
(1383, 1499218202),
(1384, 1499304604),
(1385, 1499391002),
(1386, 1499477403),
(1387, 1499563802),
(1388, 1499650202),
(1389, 1499736604),
(1390, 1499823004),
(1391, 1499909404),
(1392, 1499995803),
(1393, 1500082201),
(1394, 1500168602),
(1395, 1500255002),
(1396, 1500341402),
(1397, 1500427802),
(1398, 1500514202),
(1399, 1500600602),
(1400, 1500687002),
(1401, 1500773402),
(1402, 1500859802),
(1403, 1500946202),
(1404, 1501032602),
(1405, 1501119002),
(1406, 1501205402),
(1407, 1501291802),
(1408, 1501378202),
(1409, 1501464601),
(1410, 1501551002),
(1411, 1501637402),
(1412, 1501723803),
(1413, 1501810202),
(1414, 1501896602),
(1415, 1501983003),
(1416, 1502069401),
(1417, 1502155802),
(1418, 1502242201),
(1419, 1502328602),
(1420, 1502415002),
(1421, 1502501402),
(1422, 1502587802),
(1423, 1502674202),
(1424, 1502760602),
(1425, 1502847002),
(1426, 1502933403),
(1427, 1503019802),
(1428, 1503106202),
(1429, 1503192602),
(1430, 1503279002),
(1431, 1503365402),
(1432, 1503451802),
(1433, 1503538203),
(1434, 1503624604),
(1435, 1503711002),
(1436, 1503797401),
(1437, 1503883802),
(1438, 1503970202),
(1439, 1504056602),
(1440, 1504143002),
(1441, 1504229402),
(1442, 1504315802),
(1443, 1504402202),
(1444, 1504488602),
(1445, 1504575002),
(1446, 1504661402),
(1447, 1504747802),
(1448, 1504834202),
(1449, 1504920602),
(1450, 1505007002),
(1451, 1505093402),
(1452, 1505179803),
(1453, 1505266201),
(1454, 1505352602),
(1455, 1505439004),
(1456, 1505525403),
(1457, 1505611802),
(1458, 1505698201),
(1459, 1505784602),
(1460, 1505871002),
(1461, 1505957402),
(1462, 1506043802),
(1463, 1506130202),
(1464, 1506216603),
(1465, 1506303002),
(1466, 1506389402),
(1467, 1506475802),
(1468, 1506562203),
(1469, 1506648602),
(1470, 1506735002),
(1471, 1506821402),
(1472, 1506907802),
(1473, 1506994202),
(1474, 1507080602),
(1475, 1507167003),
(1476, 1507253404),
(1477, 1507339804),
(1478, 1507426202),
(1479, 1507512602),
(1480, 1507599002),
(1481, 1507685402),
(1482, 1507771802),
(1483, 1507858202),
(1484, 1507944602),
(1485, 1508031002),
(1486, 1508117402),
(1487, 1508203803),
(1488, 1508290204),
(1489, 1508376602),
(1490, 1508463002),
(1491, 1508549402),
(1492, 1508635802),
(1493, 1508722202),
(1494, 1508808602),
(1495, 1508895002),
(1496, 1508981402),
(1497, 1509067803),
(1498, 1509154202),
(1499, 1509244202),
(1500, 1509330603),
(1501, 1509417002),
(1502, 1509503402),
(1503, 1509589803),
(1504, 1509676203),
(1505, 1509762602),
(1506, 1509849002),
(1507, 1509935402),
(1508, 1510021804),
(1509, 1510108202),
(1510, 1510194603),
(1511, 1510281002),
(1512, 1510367401),
(1513, 1510453801),
(1514, 1510540203),
(1515, 1510626602),
(1516, 1510713002),
(1517, 1510799402),
(1518, 1510885802),
(1519, 1510972202),
(1520, 1511058603),
(1521, 1511145001),
(1522, 1511231402),
(1523, 1511317802),
(1524, 1511404203),
(1525, 1511490602),
(1526, 1511577002),
(1527, 1511663402),
(1528, 1511749802),
(1529, 1511836203),
(1530, 1511922603),
(1531, 1512009002),
(1532, 1512095402),
(1533, 1512181802),
(1534, 1512268202),
(1535, 1512354602),
(1536, 1512441002),
(1537, 1512527402),
(1538, 1512613802),
(1539, 1512700202),
(1540, 1512786602),
(1541, 1512873002),
(1542, 1512959401),
(1543, 1513045802),
(1544, 1513132202),
(1545, 1513218603),
(1546, 1513305002),
(1547, 1513391403),
(1548, 1513477803),
(1549, 1513564202),
(1550, 1513650602),
(1551, 1513737002),
(1552, 1513823403),
(1553, 1513909803),
(1554, 1513996202),
(1555, 1514082604),
(1556, 1514169002),
(1557, 1514255402),
(1558, 1514341802),
(1559, 1514428203),
(1560, 1514514603),
(1561, 1514601002),
(1562, 1514687402),
(1563, 1514773802),
(1564, 1514860202),
(1565, 1514946602),
(1566, 1515033002),
(1567, 1515119402),
(1568, 1515205803),
(1569, 1515292202),
(1570, 1515378602),
(1571, 1515465002),
(1572, 1515551402),
(1573, 1515637802),
(1574, 1515724202),
(1575, 1515810603),
(1576, 1515897003),
(1577, 1515983402),
(1578, 1516069802),
(1579, 1516156202),
(1580, 1516242603),
(1581, 1516329002),
(1582, 1516415402),
(1583, 1516501802),
(1584, 1516588202),
(1585, 1516674602),
(1586, 1516761002),
(1587, 1516847402),
(1588, 1516933802),
(1589, 1517020202),
(1590, 1517106603),
(1591, 1517193002),
(1592, 1517279402),
(1593, 1517365802),
(1594, 1517452202),
(1595, 1517538603),
(1596, 1517625002),
(1597, 1517711402),
(1598, 1517797802),
(1599, 1517884202),
(1600, 1517970602),
(1601, 1518057003),
(1602, 1518143402),
(1603, 1518229802),
(1604, 1518316202),
(1605, 1518402602),
(1606, 1518489002),
(1607, 1518575402),
(1608, 1518661803),
(1609, 1518748202),
(1610, 1518834602),
(1611, 1518921002),
(1612, 1519007402),
(1613, 1519093802),
(1614, 1519180202),
(1615, 1519266603),
(1616, 1519353002),
(1617, 1519439402),
(1618, 1519525802),
(1619, 1519612203),
(1620, 1519698602),
(1621, 1519785002),
(1622, 1519871403),
(1623, 1519957802),
(1624, 1520044202),
(1625, 1520130602),
(1626, 1520217003),
(1627, 1520303404),
(1628, 1520389802),
(1629, 1520476203),
(1630, 1520562602),
(1631, 1520649005),
(1632, 1520735403),
(1633, 1520821803),
(1634, 1520908203),
(1635, 1520994602),
(1636, 1521081002),
(1637, 1521167403),
(1638, 1521253802),
(1639, 1521340202),
(1640, 1521426602),
(1641, 1521513002),
(1642, 1521599404),
(1643, 1521685803),
(1644, 1521772202),
(1645, 1521858602),
(1646, 1521941402),
(1647, 1522027802),
(1648, 1522114202),
(1649, 1522200602),
(1650, 1522287002),
(1651, 1522373403),
(1652, 1522459802),
(1653, 1522546203),
(1654, 1522632604),
(1655, 1522719002),
(1656, 1522805402),
(1657, 1522891805),
(1658, 1522978203),
(1659, 1523064603),
(1660, 1523151002),
(1661, 1523237401),
(1662, 1523323802),
(1663, 1523410202),
(1664, 1523496604),
(1665, 1523583002),
(1666, 1523669402),
(1667, 1523755802),
(1668, 1523842202),
(1669, 1523928602),
(1670, 1524015002),
(1671, 1524101403),
(1672, 1524187802),
(1673, 1524274202),
(1674, 1524360602),
(1675, 1524447002),
(1676, 1524533402),
(1677, 1524619802),
(1678, 1524706202),
(1679, 1524792602),
(1680, 1524879002),
(1681, 1524965404),
(1682, 1525051803),
(1683, 1525138202),
(1684, 1525224602),
(1685, 1525311002),
(1686, 1525397402),
(1687, 1525483803),
(1688, 1525570201),
(1689, 1525656602),
(1690, 1525743002),
(1691, 1525829403),
(1692, 1525915803),
(1693, 1526002202),
(1694, 1526088602),
(1695, 1526175002),
(1696, 1526261402),
(1697, 1526347803),
(1698, 1526434202),
(1699, 1526520603),
(1700, 1526607002),
(1701, 1526693402),
(1702, 1526779802),
(1703, 1526866204),
(1704, 1526952602),
(1705, 1527039003),
(1706, 1527125402),
(1707, 1527211803),
(1708, 1527298202),
(1709, 1527384606),
(1710, 1527471002),
(1711, 1527557402),
(1712, 1527643801),
(1713, 1527730202),
(1714, 1527816602),
(1715, 1527903002),
(1716, 1527989402),
(1717, 1528075802),
(1718, 1528162202),
(1719, 1528248603),
(1720, 1528335002),
(1721, 1528421403),
(1722, 1528507802),
(1723, 1528594202),
(1724, 1528680602),
(1725, 1528767002),
(1726, 1528853402),
(1727, 1528939802),
(1728, 1529026202),
(1729, 1529112602),
(1730, 1529199001),
(1731, 1529285402),
(1732, 1529371802),
(1733, 1529458202),
(1734, 1529544603),
(1735, 1529631003),
(1736, 1529717401),
(1737, 1529803802),
(1738, 1529890202),
(1739, 1529976602),
(1740, 1530063002),
(1741, 1530149402),
(1742, 1530235802),
(1743, 1530322202),
(1744, 1530408602),
(1745, 1530495002),
(1746, 1530581403),
(1747, 1530667802),
(1748, 1530754203),
(1749, 1530840603),
(1750, 1530927003),
(1751, 1531013402),
(1752, 1531099801),
(1753, 1531186202),
(1754, 1531272603),
(1755, 1531359003),
(1756, 1531445403),
(1757, 1531531803),
(1758, 1531618202),
(1759, 1531704603),
(1760, 1531791002),
(1761, 1531877402),
(1762, 1531963802),
(1763, 1532050202),
(1764, 1532136602),
(1765, 1532223002),
(1766, 1532309402),
(1767, 1532395802),
(1768, 1532482202),
(1769, 1532568602),
(1770, 1532655003),
(1771, 1532741402),
(1772, 1532827803),
(1773, 1532914203),
(1774, 1533000604),
(1775, 1533087002),
(1776, 1533173402),
(1777, 1533259803),
(1778, 1533346203),
(1779, 1533432602),
(1780, 1533519002),
(1781, 1533605402),
(1782, 1533691803),
(1783, 1533778202),
(1784, 1533864602),
(1785, 1533951003),
(1786, 1534037403),
(1787, 1534123802),
(1788, 1534210203),
(1789, 1534296602),
(1790, 1534383003),
(1791, 1534469401),
(1792, 1534555803),
(1793, 1534642202),
(1794, 1534728603),
(1795, 1534815002),
(1796, 1534901403),
(1797, 1534987802),
(1798, 1535074203),
(1799, 1535160603),
(1800, 1535247002),
(1801, 1535333402),
(1802, 1535419803),
(1803, 1535506203),
(1804, 1535592603),
(1805, 1535679003),
(1806, 1535765402),
(1807, 1535851803),
(1808, 1535938203),
(1809, 1536024602),
(1810, 1536111002),
(1811, 1536197404),
(1812, 1536283803),
(1813, 1536370202),
(1814, 1536456602),
(1815, 1536543002),
(1816, 1536629403),
(1817, 1536715803),
(1818, 1536802203),
(1819, 1536888602),
(1820, 1536975003),
(1821, 1537061401),
(1822, 1537147802),
(1823, 1537234201),
(1824, 1537320603),
(1825, 1537407002),
(1826, 1537493402),
(1827, 1537579804),
(1828, 1537666201),
(1829, 1537752603),
(1830, 1537839003),
(1831, 1537925403),
(1832, 1538011803),
(1833, 1538098202),
(1834, 1538184602),
(1835, 1538271002),
(1836, 1538357403),
(1837, 1538443802),
(1838, 1538530203),
(1839, 1538616602),
(1840, 1538703002),
(1841, 1538789403),
(1842, 1538875801),
(1843, 1538962202),
(1844, 1539048603),
(1845, 1539135003),
(1846, 1539221402),
(1847, 1539307802),
(1848, 1539394202),
(1849, 1539480602),
(1850, 1539567002),
(1851, 1539653402),
(1852, 1539739803),
(1853, 1539826203),
(1854, 1539912601),
(1855, 1539999003),
(1856, 1540085402),
(1857, 1540171802),
(1858, 1540258204),
(1859, 1540344604),
(1860, 1540431003),
(1861, 1540517402),
(1862, 1540603802),
(1863, 1540693802),
(1864, 1540780203),
(1865, 1540866602),
(1866, 1540953003),
(1867, 1541039403),
(1868, 1541125803),
(1869, 1541212202),
(1870, 1541298603),
(1871, 1541385002),
(1872, 1541471402),
(1873, 1541557803),
(1874, 1541644204),
(1875, 1541730604),
(1876, 1541817003),
(1877, 1541903403),
(1878, 1541989803),
(1879, 1542076203),
(1880, 1542162602),
(1881, 1542249002),
(1882, 1542335403),
(1883, 1542421802),
(1884, 1542508203),
(1885, 1542594602),
(1886, 1542681002),
(1887, 1542767402),
(1888, 1542853802),
(1889, 1542940202),
(1890, 1543026603),
(1891, 1543113003),
(1892, 1543199403),
(1893, 1543285803),
(1894, 1543372202),
(1895, 1543458602),
(1896, 1543545002),
(1897, 1543631402),
(1898, 1543717803),
(1899, 1543804204),
(1900, 1543890604),
(1901, 1543977004),
(1902, 1544063402),
(1903, 1544149803),
(1904, 1544236204),
(1905, 1544322604),
(1906, 1544409003),
(1907, 1544495403),
(1908, 1544581804),
(1909, 1544668203),
(1910, 1544754604),
(1911, 1544841004),
(1912, 1544927403),
(1913, 1545013804),
(1914, 1545100202),
(1915, 1545186603),
(1916, 1545273003),
(1917, 1545359402),
(1918, 1545445803),
(1919, 1545532202),
(1920, 1545618602),
(1921, 1545705002),
(1922, 1545791402),
(1923, 1545877802),
(1924, 1545964203),
(1925, 1546050603),
(1926, 1546137003),
(1927, 1546223402),
(1928, 1546309802),
(1929, 1546396202),
(1930, 1546482602),
(1931, 1546569003),
(1932, 1546655402),
(1933, 1546741803),
(1934, 1546828203),
(1935, 1546914603),
(1936, 1547001002),
(1937, 1547087402),
(1938, 1547173801),
(1939, 1547260204),
(1940, 1547346603),
(1941, 1547433002),
(1942, 1547519403),
(1943, 1547605802),
(1944, 1547692204),
(1945, 1547778604),
(1946, 1547865003),
(1947, 1547951403),
(1948, 1548037801),
(1949, 1548124203),
(1950, 1548210602),
(1951, 1548297002),
(1952, 1548383402),
(1953, 1548469803),
(1954, 1548556202),
(1955, 1548642603),
(1956, 1548729002),
(1957, 1548815403),
(1958, 1548901803),
(1959, 1548988203),
(1960, 1549074603),
(1961, 1549161002),
(1962, 1549247403),
(1963, 1549333803),
(1964, 1549420203),
(1965, 1549506603),
(1966, 1549593003),
(1967, 1549679403),
(1968, 1549765803),
(1969, 1549852202),
(1970, 1549938602),
(1971, 1550025003),
(1972, 1550111403),
(1973, 1550197802),
(1974, 1550284203),
(1975, 1550370602),
(1976, 1550457003),
(1977, 1550543402),
(1978, 1550629802),
(1979, 1550716202),
(1980, 1550802603),
(1981, 1550889003),
(1982, 1550975403),
(1983, 1551061801),
(1984, 1551148203),
(1985, 1551234602),
(1986, 1551321003),
(1987, 1551407404),
(1988, 1551493803),
(1989, 1551580202),
(1990, 1551666602),
(1991, 1551753003),
(1992, 1551839403),
(1993, 1551925803),
(1994, 1552012203),
(1995, 1552098602),
(1996, 1552185003),
(1997, 1552271403),
(1998, 1552357802),
(1999, 1552444203),
(2000, 1552530603),
(2001, 1552617002),
(2002, 1552703403),
(2003, 1552789803),
(2004, 1552876202),
(2005, 1552962603),
(2006, 1553049002),
(2007, 1553135402),
(2008, 1553221803),
(2009, 1553308202),
(2010, 1553394601),
(2011, 1553481003),
(2012, 1553567403),
(2013, 1553653802),
(2014, 1553740202),
(2015, 1553826602),
(2016, 1553913002),
(2017, 1553995803),
(2018, 1554082203),
(2019, 1554168602),
(2020, 1554255001),
(2021, 1554341402),
(2022, 1554427802),
(2023, 1554514202),
(2024, 1554600602),
(2025, 1554687002),
(2026, 1554773402),
(2027, 1554859802),
(2028, 1554946203),
(2029, 1555032602),
(2030, 1555119003),
(2031, 1555205402),
(2032, 1555291802),
(2033, 1555378201),
(2034, 1555464603),
(2035, 1555551002),
(2036, 1555637403),
(2037, 1555723802),
(2038, 1555810201),
(2039, 1555896602),
(2040, 1555983003),
(2041, 1556069402),
(2042, 1556155802),
(2043, 1556242203),
(2044, 1556328602),
(2045, 1556415002),
(2046, 1556501403),
(2047, 1556587803),
(2048, 1556674202),
(2049, 1556760602),
(2050, 1556847002),
(2051, 1556933402),
(2052, 1557019802),
(2053, 1557106202),
(2054, 1557192602),
(2055, 1557279001),
(2056, 1557365403),
(2057, 1557451803),
(2058, 1557538202),
(2059, 1557624602),
(2060, 1557711002),
(2061, 1557797402),
(2062, 1557883803),
(2063, 1557970202),
(2064, 1558056603),
(2065, 1558143002),
(2066, 1558229402),
(2067, 1558315803),
(2068, 1558402203),
(2069, 1558488602),
(2070, 1558575002),
(2071, 1558661402),
(2072, 1558747803),
(2073, 1558834203),
(2074, 1558920603),
(2075, 1559007002),
(2076, 1559093402),
(2077, 1559179803),
(2078, 1559266202),
(2079, 1559352602),
(2080, 1559439002),
(2081, 1559525404),
(2082, 1559611802);

-- --------------------------------------------------------

--
-- Table structure for table `elo_emailtext`
--

CREATE TABLE `elo_emailtext` (
  `emailtext_id` int(8) unsigned NOT NULL AUTO_INCREMENT,
  `emailtext_text` text NOT NULL,
  `emailtext_key` varchar(50) NOT NULL,
  `lang_id` int(8) NOT NULL,
  PRIMARY KEY (`emailtext_id`)
) ENGINE=InnoDB DEFAULT CHARSET=utf8 AUTO_INCREMENT=1 ;

--
-- Dumping data for table `elo_emailtext`
--


-- --------------------------------------------------------

--
-- Table structure for table `elo_group`
--

CREATE TABLE `elo_group` (
  `group_id` int(8) unsigned NOT NULL AUTO_INCREMENT,
  `group_name` varchar(50) NOT NULL,
  PRIMARY KEY (`group_id`)
) ENGINE=InnoDB  DEFAULT CHARSET=utf8 AUTO_INCREMENT=6 ;

--
-- Dumping data for table `elo_group`
--

INSERT INTO `elo_group` (`group_id`, `group_name`) VALUES
(1, 'Anonyme Alkoholiker'),
(2, 'Anonyme Gagger'),
(3, 'Gaggende Anonymiker'),
(4, 'Die Gebrüder Wurst'),
(5, 'Elo Kritik');

-- --------------------------------------------------------

--
-- Table structure for table `elo_group_user`
--

CREATE TABLE `elo_group_user` (
  `gu_id` int(8) unsigned NOT NULL AUTO_INCREMENT,
  `group_id` int(8) unsigned NOT NULL,
  `user_id` int(8) unsigned NOT NULL,
  PRIMARY KEY (`gu_id`)
) ENGINE=InnoDB DEFAULT CHARSET=utf8 AUTO_INCREMENT=1 ;

--
-- Dumping data for table `elo_group_user`
--


-- --------------------------------------------------------

--
-- Table structure for table `elo_lang`
--

CREATE TABLE `elo_lang` (
  `lang_id` int(8) unsigned NOT NULL AUTO_INCREMENT,
  `lang_name` varchar(25) NOT NULL,
  `lang_code` varchar(10) NOT NULL,
  PRIMARY KEY (`lang_id`)
) ENGINE=InnoDB  DEFAULT CHARSET=utf8 AUTO_INCREMENT=3 ;

--
-- Dumping data for table `elo_lang`
--

INSERT INTO `elo_lang` (`lang_id`, `lang_name`, `lang_code`) VALUES
(1, 'Deutsch', 'de'),
(2, 'English', 'en');

-- --------------------------------------------------------

--
-- Table structure for table `elo_music`
--

CREATE TABLE `elo_music` (
  `music_id` int(8) unsigned NOT NULL AUTO_INCREMENT,
  `music_text` text NOT NULL,
  PRIMARY KEY (`music_id`)
) ENGINE=InnoDB  DEFAULT CHARSET=utf8 AUTO_INCREMENT=6 ;

--
-- Dumping data for table `elo_music`
--

INSERT INTO `elo_music` (`music_id`, `music_text`) VALUES
(1, 'X: 1\r\nT: Cooley''s\r\nM: 4/4\r\nL: 1/8\r\nR: reel\r\nK: Emin\r\n|:D2|EB{c}BA B2 EB|~B2 AB dBAG|FDAD BDAD|FDAD dAFD|\r\nEBBA B2 EB|B2 AB defg|afe^c dBAF|DEFD E2:|\r\n|:gf|eB B2 efge|eB B2 gedB|A2 FA DAFA|A2 FA defg|\r\neB B2 eBgB|eB B2 defg|afe^c dBAF|DEFD E2:|'),
(2, 'acde|fgab|'),
(3, 'gag gay fag'),
(4, 'X: 1\r\nT: Cooley''s\r\nM: 4/4\r\nL: 1/8\r\nR: reel\r\nK: Emin\r\n|FDAA BDAD|FDAD dAFD|'),
(5, 'X:1\r\nT:Alle meine Entchen\r\nM:2/4\r\nL:1/8\r\nK:C\r\nCDEF|G2G2|AAAA|G4|\r\nFFFF|E2E2|GGGG|C4|]');

-- --------------------------------------------------------

--
-- Table structure for table `elo_reply`
--

CREATE TABLE `elo_reply` (
  `reply_id` int(8) unsigned NOT NULL AUTO_INCREMENT,
  `user_id` int(8) NOT NULL,
  `topic_id` int(8) NOT NULL,
  `reply_date` int(13) unsigned NOT NULL,
  `reply_text` text NOT NULL,
  PRIMARY KEY (`reply_id`)
) ENGINE=InnoDB  DEFAULT CHARSET=utf8 AUTO_INCREMENT=25 ;

--
-- Dumping data for table `elo_reply`
--

INSERT INTO `elo_reply` (`reply_id`, `user_id`, `topic_id`, `reply_date`, `reply_text`) VALUES
(1, 1, 1, 1369061019, 'halloooo'),
(2, 1, 2, 1369515645, 'asdfasdf'),
(3, 1, 2, 1369515709, 'next day'),
(5, 2, 1, 1370739933, 'ziemlich cool, das man die Noten einfach so eingeben kann.'),
(7, 1, 2, 1373539796, 'test'),
(8, 1, 2, 1373539943, 'music'),
(9, 2, 4, 1374934237, ''),
(10, 2, 5, 1374934342, 'this is one!!!!'),
(11, 4, 4, 1374934586, 'Diese Gruppe seh ''ich auf der Haptseite nicht. Nur unter Admin panel. Aber ich bin doch ein fucking admin!\r\n\r\nKann man user permanent in eine Gruppe einteilen oder muss ich das bei einem neuen erstellten Topic immer neu zu ordnen?'),
(12, 2, 6, 1374934963, ''),
(13, 2, 7, 1374935225, 'Herzlich Willkommen zu der Gebrüder Wurst Mainbase! Hier findet ihr nützliche Sachen um eure Skills zu verbessern, yo! '),
(14, 2, 7, 1374936786, 'Video Game Soundtrack Multitracking\r\n\r\n[youtube]vn0nZW4W-6Y[/youtube]'),
(15, 2, 7, 1374936839, 'Winter is coming.\r\n\r\n[youtube]yj7YNeutcxM[/youtube]'),
(16, 2, 8, 1374937764, 'Vollbild Youtube Videos nicht möglich. Generell bei BB code nicht möglich?'),
(17, 2, 8, 1374937943, 'Topics löschen noch nicht möglich?'),
(18, 2, 8, 1374937974, 'User im Nachhinein zu Gruppen/Topics hinzufügen möglich?'),
(19, 2, 7, 1374938213, '20 Minuten Routine- Täglich üben!!'),
(20, 2, 7, 1374938262, 'Kurzzeit Routine - Wenn man mal nicht zu viel Zeit hat!'),
(21, 2, 7, 1374938562, 'Lied auswendig lernen und jeden Tag in einer anderen Tonart!!'),
(23, 1, 8, 1375170307, '- Youtube-Vollbild: Generell möglich, muss im Code noch etwas ändern. \r\n\r\n- Für Topics löschen müssen im Moment alle Antworten gelöscht werden.\r\n\r\n- User im Nachhinein hinzufügen geht unter Edit und dann am Ende der Seite.'),
(24, 1, 8, 1379627190, 'Vollbild geht jetzt');

-- --------------------------------------------------------

--
-- Table structure for table `elo_reply_attachment`
--

CREATE TABLE `elo_reply_attachment` (
  `ra_id` int(8) unsigned NOT NULL AUTO_INCREMENT,
  `reply_id` int(8) unsigned NOT NULL,
  `attachment_id` int(8) unsigned NOT NULL,
  PRIMARY KEY (`ra_id`)
) ENGINE=InnoDB  DEFAULT CHARSET=utf8 AUTO_INCREMENT=11 ;

--
-- Dumping data for table `elo_reply_attachment`
--

INSERT INTO `elo_reply_attachment` (`ra_id`, `reply_id`, `attachment_id`) VALUES
(1, 1, 1),
(2, 2, 2),
(3, 3, 3),
(6, 7, 6),
(7, 9, 7),
(8, 10, 8),
(9, 19, 9),
(10, 20, 10);

-- --------------------------------------------------------

--
-- Table structure for table `elo_reply_music`
--

CREATE TABLE `elo_reply_music` (
  `rm_id` int(8) unsigned NOT NULL AUTO_INCREMENT,
  `reply_id` int(8) unsigned NOT NULL,
  `music_id` int(8) unsigned NOT NULL,
  PRIMARY KEY (`rm_id`)
) ENGINE=InnoDB  DEFAULT CHARSET=utf8 AUTO_INCREMENT=6 ;

--
-- Dumping data for table `elo_reply_music`
--

INSERT INTO `elo_reply_music` (`rm_id`, `reply_id`, `music_id`) VALUES
(1, 1, 1),
(2, 2, 2),
(4, 8, 4),
(5, 21, 5);

-- --------------------------------------------------------

--
-- Table structure for table `elo_right`
--

CREATE TABLE `elo_right` (
  `right_id` int(8) unsigned NOT NULL AUTO_INCREMENT,
  `right_name` varchar(50) NOT NULL,
  `right_key` varchar(20) NOT NULL,
  PRIMARY KEY (`right_id`)
) ENGINE=InnoDB  DEFAULT CHARSET=utf8 AUTO_INCREMENT=13 ;

--
-- Dumping data for table `elo_right`
--

INSERT INTO `elo_right` (`right_id`, `right_name`, `right_key`) VALUES
(1, 'Create new users', 'CREATE_NEW_USER'),
(2, 'Create new rights', 'CREATE_NEW_RIGHT'),
(3, 'Attachments', 'CREATE_ATTACHMENTS'),
(4, 'Create topics', 'CREATE_TOPICS'),
(5, 'ABC music sheets', 'CREATE_SHEETS'),
(8, 'Add groups', 'CREATE_GROUPS'),
(9, 'Allow HTML', 'ALLOW_HTML'),
(10, 'Change own replys', 'CHANGE_OWN_REPLYS'),
(11, 'Delete own replys', 'DELETE_OWN_REPLYS'),
(12, 'Is Administrator', 'IS_ADMIN');

-- --------------------------------------------------------

--
-- Table structure for table `elo_right_user`
--

CREATE TABLE `elo_right_user` (
  `ru_id` int(8) unsigned NOT NULL AUTO_INCREMENT,
  `user_id` int(8) unsigned NOT NULL,
  `right_id` int(8) unsigned NOT NULL,
  PRIMARY KEY (`ru_id`)
) ENGINE=InnoDB  DEFAULT CHARSET=utf8 AUTO_INCREMENT=25 ;

--
-- Dumping data for table `elo_right_user`
--

INSERT INTO `elo_right_user` (`ru_id`, `user_id`, `right_id`) VALUES
(6, 1, 5),
(8, 1, 3),
(11, 1, 2),
(13, 1, 4),
(14, 1, 9),
(15, 1, 12),
(16, 1, 1),
(17, 2, 5),
(18, 2, 8),
(19, 2, 9),
(20, 2, 3),
(21, 2, 10),
(22, 2, 1),
(23, 2, 4),
(24, 2, 12);

-- --------------------------------------------------------

--
-- Table structure for table `elo_topic`
--

CREATE TABLE `elo_topic` (
  `topic_id` int(8) unsigned NOT NULL AUTO_INCREMENT,
  `topic_title` text NOT NULL,
  PRIMARY KEY (`topic_id`)
) ENGINE=InnoDB  DEFAULT CHARSET=utf8 AUTO_INCREMENT=10 ;

--
-- Dumping data for table `elo_topic`
--

INSERT INTO `elo_topic` (`topic_id`, `topic_title`) VALUES
(1, 'Test für uns beide :)'),
(2, 'Next week'),
(3, 'Ein Gay auf der Suche nach einem Loch.'),
(4, 'Gagging around the world!'),
(5, 'wtf is anonymiker?!'),
(6, 'Django stole my bike!'),
(7, 'Die Gebrüder Wurst Main Base'),
(8, 'Fragen, Anregungen, Bugreport, etc.'),
(9, 'test');

-- --------------------------------------------------------

--
-- Table structure for table `elo_topic_group`
--

CREATE TABLE `elo_topic_group` (
  `tg_id` int(8) unsigned NOT NULL AUTO_INCREMENT,
  `group_id` int(8) unsigned NOT NULL,
  `topic_id` int(8) unsigned NOT NULL,
  PRIMARY KEY (`tg_id`)
) ENGINE=InnoDB  DEFAULT CHARSET=utf8 AUTO_INCREMENT=6 ;

--
-- Dumping data for table `elo_topic_group`
--

INSERT INTO `elo_topic_group` (`tg_id`, `group_id`, `topic_id`) VALUES
(1, 2, 4),
(2, 3, 5),
(3, 3, 6),
(5, 4, 7);

-- --------------------------------------------------------

--
-- Table structure for table `elo_topic_user`
--

CREATE TABLE `elo_topic_user` (
  `tu_id` int(8) unsigned NOT NULL AUTO_INCREMENT,
  `user_id` int(8) unsigned NOT NULL,
  `topic_id` int(8) unsigned NOT NULL,
  PRIMARY KEY (`tu_id`)
) ENGINE=InnoDB  DEFAULT CHARSET=utf8 AUTO_INCREMENT=29 ;

--
-- Dumping data for table `elo_topic_user`
--

INSERT INTO `elo_topic_user` (`tu_id`, `user_id`, `topic_id`) VALUES
(1, 1, 1),
(2, 2, 1),
(3, 1, 2),
(4, 2, 3),
(5, 5, 4),
(6, 4, 4),
(7, 1, 4),
(8, 1, 5),
(9, 3, 5),
(10, 2, 5),
(11, 3, 6),
(12, 1, 6),
(13, 4, 6),
(14, 2, 6),
(20, 2, 8),
(21, 1, 8),
(22, 1, 9),
(23, 1, 7),
(24, 9, 7),
(25, 2, 7),
(26, 8, 7),
(27, 6, 7),
(28, 7, 7);

-- --------------------------------------------------------

--
-- Table structure for table `elo_user`
--

CREATE TABLE `elo_user` (
  `user_id` int(6) unsigned NOT NULL AUTO_INCREMENT,
  `user_name` varchar(100) NOT NULL,
  `user_email` varchar(100) NOT NULL,
  `user_password` varchar(100) NOT NULL,
  `lang_id` int(8) NOT NULL,
  `user_lastvisit` int(13) NOT NULL,
  PRIMARY KEY (`user_id`)
) ENGINE=InnoDB  DEFAULT CHARSET=utf8 AUTO_INCREMENT=10 ;

--
-- Dumping data for table `elo_user`
--

INSERT INTO `elo_user` (`user_id`, `user_name`, `user_email`, `user_password`, `lang_id`, `user_lastvisit`) VALUES
(1, 'Jakob test', 'jw@envire.de', '$P$BsZgZ43VxjNPZ3V4p5eqskHa5PaDWw/', 2, 1380638758),
(2, 'Christoph Pimpl', 'ich@christoph-pimpl.de', '$P$BGVpXbUzntkaf.OzpqHKA/iwTc7mIi1', 0, 1375193388),
(3, 'Gag Test', 'sl1der@web.de', '$P$BuRfns/7niA2gs6wvToYwlbzHsujGJ.', 1, 1374933061),
(4, 'Soy Test', '', '$P$B18tLHZamAtMfjcsFfip64Ti1OB4MT/', 1, 1374934630),
(5, 'Homo Test', 'soy@homo.gag', '$P$B7Kl2QnTUwCGRDDfP70G0WWN8otcU90', 2, 1374933138),
(6, 'Hans Wurst', 'hanswurst@sausage.net', '$P$BOlf492ufabEqC7W1/eeIYKuF3QuNo1', 1, 1374935085),
(7, 'Peter Wurst', 'peterwurst@sausage.net', '$P$B0FecEMBqkvO8DysGUEs1Ezwm8xQyi0', 1, 1374935097),
(8, 'Georg Wurst', 'georgwurst@sausage.net', '$P$BccBzAzkXb5oCUKqC3f2kE.ONhOrDe1', 1, 1374935112),
(9, 'Bruns WUrst', 'brunswurst@sausage.net', '$P$BpN.dl0txp3hMvx9FWqMOjtCCArWM60', 1, 1374935127);
